version_ID	master_ID	publication	publication_year	local_path	DR_group_ID	locality	country	lat	long	mean_date_BP	date_range	SNP_hits	assessment	rs1805008_alleles	rs1805008_depth	rs1805008_genotype	rs1805008_gls	rs28777_alleles	rs28777_depth	rs28777_genotype	rs28777_gls	rs16891982_alleles	rs16891982_depth	rs16891982_genotype	rs16891982_gls	rs12821256_alleles	rs12821256_depth	rs12821256_genotype	rs12821256_gls	rs4959270_alleles	rs4959270_depth	rs4959270_genotype	rs4959270_gls	rs12203592_alleles	rs12203592_depth	rs12203592_genotype	rs12203592_gls	rs1042602_alleles	rs1042602_depth	rs1042602_genotype	rs1042602_gls	rs1393350_alleles	rs1393350_depth	rs1393350_genotype	rs1393350_gls	rs12913832_alleles	rs12913832_depth	rs12913832_genotype	rs12913832_gls	rs1800407_alleles	rs1800407_depth	rs1800407_genotype	rs1800407_gls	rs12896399_alleles	rs12896399_depth	rs12896399_genotype	rs12896399_gls	rs2402130_alleles	rs2402130_depth	rs2402130_genotype	rs2402130_gls	rs1426654_alleles	rs1426654_depth	rs1426654_genotype	rs1426654_gls	rs683_alleles	rs683_depth	rs683_genotype	rs683_gls	rs2733831_alleles	rs2733831_depth	rs2733831_genotype	rs2733831_gls	rs6119471_alleles	rs6119471_depth	rs6119471_genotype	rs6119471_gls
UKR036	UKR036	unpublished	unpublished	/SAN/ugi/MACElabSaag/UkrAD/02_MQ10bams/UKR036/WG25chr_UKR036_rmdup_MQ10.bam	UkrEIA_Scythian_RightDnipro_IllThr	Medvyn	Ukraine	49.40542	30.846856	2549.5	773-426 cal BCE (2481±31 BP)	646181	PASS					"['C', 'A', '<*>']"	1	A	"[37, 3, 0, 37, 3, 37]"	"['C', 'G', '<*>']"	1	G	"[37, 3, 0, 37, 3, 37]"					"['C', 'A', 'T', '<*>']"	4	CA	"[25, 0, 93, 34, 96, 124, 34, 96, 124, 124]"	"['C', 'T', '<*>']"	1	C	"[0, 3, 37, 3, 37, 37]"	"['C', 'A', 'T', '<*>']"	1	C	"[0, 3, 37, 3, 37, 37, 3, 37, 37, 37]"									"['C', 'T', '<*>']"	1	C	"[0, 3, 37, 3, 37, 37]"	"['G', 'T', '<*>']"	1	G	"[0, 3, 37, 3, 37, 37]"					"['A', 'G', '<*>']"	3	AA	"[0, 9, 105, 9, 105, 105]"	"['C', 'A', 'T', '<*>']"	3	CC	"[0, 9, 104, 9, 104, 104, 9, 104, 104, 104]"	"['A', 'G', '<*>']"	2	AA	"[0, 6, 67, 6, 67, 67]"	"['C', 'T', 'A', '<*>']"	1	C	"[0, 3, 37, 3, 37, 37, 3, 37, 37, 37]"
UKR039	UKR039	unpublished	unpublished	/SAN/ugi/MACElabSaag/UkrAD/02_MQ10bams/UKR039/WG25chr_UKR039_rmdup_MQ10.bam	UkrEIA_Scythian_RightDnipro_IllThr	Medvyn	Ukraine	49.40542	30.846856	2600	700-600 BCE	77446	PASS					"['C', 'A', '<*>']"	1	A	"[37, 3, 0, 37, 3, 37]"													"['C', 'T', '<*>']"	1	T	"[37, 3, 0, 37, 3, 37]"																																								
UKR129	UKR129	unpublished	unpublished	/SAN/ugi/MACElabSaag/UkrAD/02_MQ10bams/UKR129/WG25chr_UKR129_rmdup_MQ10.bam	UkrIA_Chernyakhiv	Sh_shak_	Ukraine	49.856205	33.981227	1627	245-401 cal CE (1741±27 BP)	305792	PASS	"['C', 'T', '<*>']"	1	C	"[0, 3, 37, 3, 37, 37]"	"['C', 'A', '<*>']"	1	A	"[37, 3, 0, 37, 3, 37]"																	"['C', 'A', 'T', '<*>']"	1	C	"[0, 3, 37, 3, 37, 37, 3, 37, 37, 37]"	"['G', 'A', '<*>']"	1	G	"[0, 3, 37, 3, 37, 37]"	"['A', 'G', '<*>']"	1	G	"[37, 3, 0, 37, 3, 37]"					"['G', 'T', '<*>']"	2	TT	"[67, 6, 0, 67, 6, 67]"	"['G', 'A', '<*>']"	1	A	"[37, 3, 0, 37, 3, 37]"																
UKR128	UKR128	unpublished	unpublished	/SAN/ugi/MACElabSaag/UkrAD/02_MQ10bams/UKR128/WG25chr_UKR128_rmdup_MQ10.bam	UkrIA_Chernyakhiv	Sh_shak_	Ukraine	49.856205	33.981227	1655	229-361 cal CE (1771±26 BP)	405223	PASS	"['C', 'T', '<*>']"	1	C	"[0, 3, 37, 3, 37, 37]"													"['C', 'A', 'T', '<*>']"	1	A	"[37, 3, 0, 37, 3, 37, 37, 3, 37, 37]"	"['C', 'T', '<*>']"	1	C	"[0, 3, 37, 3, 37, 37]"	"['C', 'A', 'T', '<*>']"	1	C	"[0, 3, 37, 3, 37, 37, 3, 37, 37, 37]"	"['G', 'A', '<*>']"	1	G	"[0, 3, 37, 3, 37, 37]"																	"['A', 'G', '<*>']"	1	A	"[0, 3, 37, 3, 37, 37]"	"['C', 'A', 'T', '<*>']"	1	C	"[0, 3, 37, 3, 37, 37, 3, 37, 37, 37]"								
UKR126	UKR126	unpublished	unpublished	/SAN/ugi/MACElabSaag/UkrAD/02_MQ10bams/UKR126/WG25chr_UKR126_rmdup_MQ10.bam	UkrIA_Chernyakhiv	Sh_shak_	Ukraine	49.856205	33.981227	1722	131-325 cal CE (1820±26 BP)	405597	PASS									"['C', 'G', '<*>']"	1	G	"[37, 3, 0, 37, 3, 37]"													"['C', 'A', 'T', '<*>']"	1	A	"[37, 3, 0, 37, 3, 37, 37, 3, 37, 37]"	"['G', 'A', '<*>']"	1	G	"[0, 3, 37, 3, 37, 37]"									"['G', 'T', '<*>']"	1	T	"[37, 3, 0, 37, 3, 37]"																				
UKR125	UKR125	unpublished	unpublished	/SAN/ugi/MACElabSaag/UkrAD/02_MQ10bams/UKR125/WG25chr_UKR125_rmdup_MQ10.bam	UkrIA_Chernyakhiv	Sh_shak_	Ukraine	49.856205	33.981227	1600	300-400 CE	342489	PASS	"['C', 'T', '<*>']"	1	C	"[0, 3, 37, 3, 37, 37]"					"['C', 'G', '<*>']"	1	G	"[37, 3, 0, 37, 3, 37]"					"['C', 'A', 'T', '<*>']"	2	CC	"[0, 6, 74, 6, 74, 74, 6, 74, 74, 74]"					"['C', 'A', 'T', '<*>']"	1	C	"[0, 3, 37, 3, 37, 37, 3, 37, 37, 37]"	"['G', 'A', '<*>']"	1	G	"[0, 3, 37, 3, 37, 37]"					"['C', 'T', '<*>']"	1	C	"[0, 3, 37, 3, 37, 37]"	"['G', 'T', '<*>']"	1	G	"[0, 3, 37, 3, 37, 37]"													"['A', 'G', '<*>']"	1	A	"[0, 3, 37, 3, 37, 37]"	"['C', 'T', 'A', '<*>']"	1	C	"[0, 3, 37, 3, 37, 37, 3, 37, 37, 37]"
UKR123	UKR123	unpublished	unpublished	/SAN/ugi/MACElabSaag/UkrAD/02_MQ10bams/UKR123/WG25chr_UKR123-I+II_rmdup_MQ10.bam	UkrIA_Chernyakhiv	Sh_shak_	Ukraine	49.856205	33.981227	1600	300-400 CE	610379	PASS	"['C', 'T', '<*>']"	1	C	"[0, 3, 37, 3, 37, 37]"	"['C', 'A', '<*>']"	2	AA	"[62, 6, 0, 62, 6, 62]"	"['C', 'G', '<*>']"	1	G	"[37, 3, 0, 37, 3, 37]"	"['T', 'C', '<*>']"	1	T	"[0, 3, 37, 3, 37, 37]"	"['C', 'A', 'T', '<*>']"	1	C	"[0, 3, 37, 3, 37, 37, 3, 37, 37, 37]"	"['C', 'T', '<*>']"	1	C	"[0, 3, 37, 3, 37, 37]"	"['C', 'A', 'T', '<*>']"	1	C	"[0, 3, 37, 3, 37, 37, 3, 37, 37, 37]"	"['G', 'A', '<*>']"	4	GA	"[93, 0, 25, 96, 34, 124]"	"['A', 'G', '<*>']"	1	A	"[0, 3, 37, 3, 37, 37]"	"['C', 'T', '<*>']"	2	CC	"[0, 6, 74, 6, 74, 74]"	"['G', 'T', '<*>']"	1	G	"[0, 3, 37, 3, 37, 37]"					"['A', 'G', '<*>']"	1	A	"[0, 3, 37, 3, 37, 37]"					"['A', 'G', '<*>']"	1	A	"[0, 3, 37, 3, 37, 37]"	"['C', 'T', 'A', '<*>']"	3	CC	"[0, 9, 105, 9, 105, 105, 9, 105, 105, 105]"
UKR122	UKR122	unpublished	unpublished	/SAN/ugi/MACElabSaag/UkrAD/02_MQ10bams/UKR122/WG25chr_UKR122-I+II_rmdup_MQ10.bam	UkrIA_Chernyakhiv	Sh_shak_	Ukraine	49.856205	33.981227	1600	300-400 CE	360943	PASS	"['C', 'T', '<*>']"	1	C	"[0, 3, 37, 3, 37, 37]"					"['C', 'G', '<*>']"	1	G	"[37, 3, 0, 37, 3, 37]"					"['C', 'A', 'T', '<*>']"	1	A	"[37, 3, 0, 37, 3, 37, 37, 3, 37, 37]"	"['C', 'T', '<*>']"	1	C	"[0, 3, 37, 3, 37, 37]"	"['C', 'A', 'T', '<*>']"	1	A	"[37, 3, 0, 37, 3, 37, 37, 3, 37, 37]"													"['G', 'T', '<*>']"	2	GT	"[31, 0, 31, 34, 34, 65]"	"['G', 'A', '<*>']"	2	AA	"[57, 6, 0, 57, 6, 57]"					"['C', 'A', 'T', '<*>']"	2	AT	"[65, 34, 31, 34, 0, 31, 65, 34, 34, 65]"								
UKR121	UKR121	unpublished	unpublished	/SAN/ugi/MACElabSaag/UkrAD/02_MQ10bams/UKR121/WG25chr_UKR121_rmdup_MQ10.bam	UkrIA_Chernyakhiv	Sh_shak_	Ukraine	49.856205	33.981227	1600	300-400 CE	367764	PASS					"['C', 'A', '<*>']"	2	AA	"[67, 6, 0, 67, 6, 67]"					"['T', 'C', '<*>']"	1	T	"[0, 3, 37, 3, 37, 37]"																													"['G', 'A', '<*>']"	1	G	"[0, 3, 37, 3, 37, 37]"	"['A', 'G', '<*>']"	1	A	"[0, 3, 37, 3, 37, 37]"	"['C', 'A', 'T', '<*>']"	1	C	"[0, 3, 37, 3, 37, 37, 3, 37, 37, 37]"					"['C', 'T', 'A', '<*>']"	1	C	"[0, 3, 37, 3, 37, 37, 3, 37, 37, 37]"
UKR008	UKR008	unpublished	unpublished	/SAN/ugi/MACElabSaag/UkrAD/02_MQ10bams/UKR008/WG25chr_UKR008_merge_remdup_realign_MQ10.bam	UkrN_?	Mamay-Gora	Ukraine	47.432845	34.27259	8450	7000-6000 BCE	100821	PASS																																					"['C', 'T', '<*>']"	1	C	"[0, 3, 36, 3, 36, 36]"					"['G', 'A', '<*>']"	1	A	"[36, 3, 0, 36, 3, 36]"																
UKR005	UKR005	unpublished	unpublished	/SAN/ugi/MACElabSaag/UkrAD/02_MQ10bams/UKR005/WG25chr_UKR005_rmdup_MQ10.bam	UkrEIA_ThracianHallstatt	Kartal	Ukraine	45.319997	28.411989	2750	900-700 BCE	29767	PASS																																																																
UKR006	UKR006	unpublished	unpublished	/SAN/ugi/MACElabSaag/UkrAD/02_MQ10bams/UKR006/WG25chr_UKR006_rmdup_MQ10.bam	UkrEIA_ThracianHallstatt	Kartal	Ukraine	45.319997	28.411989	2750	900-700 BCE	64354	PASS																																									"['G', 'T', '<*>']"	1	G	"[0, 3, 37, 3, 37, 37]"																				
UKR007	UKR007	unpublished	unpublished	/SAN/ugi/MACElabSaag/UkrAD/02_MQ10bams/UKR007/WG25chr_UKR007_rmdup_MQ10.bam	UkrEIA_ThracianHallstatt	Kartal	Ukraine	45.319997	28.411989	2863.5	996-831 cal BCE (2767±29 BP)	337119	PASS	"['C', 'T', '<*>']"	2	CC	"[0, 6, 74, 6, 74, 74]"													"['C', 'A', 'T', '<*>']"	1	C	"[0, 3, 37, 3, 37, 37, 3, 37, 37, 37]"	"['C', 'T', '<*>']"	1	C	"[0, 3, 37, 3, 37, 37]"	"['C', 'A', 'T', '<*>']"	1	C	"[0, 3, 37, 3, 37, 37, 3, 37, 37, 37]"					"['A', 'G', '<*>']"	1	G	"[37, 3, 0, 37, 3, 37]"									"['G', 'A', '<*>']"	1	A	"[37, 3, 0, 37, 3, 37]"					"['C', 'A', 'T', '<*>']"	1	A	"[37, 3, 0, 37, 3, 37, 37, 3, 37, 37]"								
UKR000	UKR000	unpublished	unpublished	/SAN/ugi/MACElabSaag/UkrAD/02_MQ10bams/UKR000/WG25chr_UKR000_rmdup_MQ10.bam	UkrEIA_ThracianHallstatt	Kartal	Ukraine	45.319997	28.411989	2799	900-798 cal BCE (2676±30 BP)	807802	PASS	"['C', 'T', '<*>']"	4	CC	"[0, 12, 135, 12, 135, 135]"									"['T', 'C', '<*>']"	1	T	"[0, 3, 37, 3, 37, 37]"	"['C', 'A', 'T', '<*>']"	4	CA	"[93, 0, 25, 96, 34, 124, 96, 34, 124, 124]"	"['C', 'T', '<*>']"	2	TT	"[74, 6, 0, 74, 6, 74]"	"['C', 'A', 'T', '<*>']"	2	CA	"[31, 0, 31, 34, 34, 65, 34, 34, 65, 65]"	"['G', 'A', '<*>']"	3	GG	"[0, 9, 91, 9, 91, 91]"	"['A', 'G', '<*>']"	1	A	"[0, 3, 37, 3, 37, 37]"	"['C', 'T', '<*>']"	1	C	"[0, 3, 37, 3, 37, 37]"	"['G', 'T', '<*>']"	1	G	"[0, 3, 37, 3, 37, 37]"	"['G', 'A', '<*>']"	1	A	"[37, 3, 0, 37, 3, 37]"									"['A', 'G', '<*>']"	2	GG	"[67, 6, 0, 67, 6, 67]"	"['C', 'T', 'A', '<*>']"	1	C	"[0, 3, 37, 3, 37, 37, 3, 37, 37, 37]"
UKR001	UKR001	unpublished	unpublished	/SAN/ugi/MACElabSaag/UkrAD/02_MQ10bams/UKR001/WG25chr_UKR001_rmdup_MQ10.bam	UkrEIA_ThracianHallstatt	Kartal	Ukraine	45.319997	28.411989	2750	900-700 BCE	749820	PASS									"['C', 'G', '<*>']"	1	G	"[37, 3, 0, 37, 3, 37]"	"['T', 'C', '<*>']"	1	T	"[0, 3, 37, 3, 37, 37]"	"['C', 'A', 'T', '<*>']"	3	AA	"[94, 9, 0, 94, 9, 94, 94, 9, 94, 94]"					"['C', 'A', 'T', '<*>']"	1	C	"[0, 3, 37, 3, 37, 37, 3, 37, 37, 37]"	"['G', 'A', '<*>']"	2	GG	"[0, 6, 74, 6, 74, 74]"	"['A', 'G', '<*>']"	1	G	"[25, 3, 0, 25, 3, 25]"					"['G', 'T', '<*>']"	1	T	"[37, 3, 0, 37, 3, 37]"	"['G', 'A', '<*>']"	2	AA	"[74, 6, 0, 74, 6, 74]"	"['A', 'G', '<*>']"	1	A	"[0, 3, 37, 3, 37, 37]"					"['A', 'G', '<*>']"	2	AG	"[31, 0, 31, 34, 34, 65]"				
UKR002	UKR002	unpublished	unpublished	/SAN/ugi/MACElabSaag/UkrAD/02_MQ10bams/UKR002/WG25chr_UKR002_rmdup_MQ10.bam	UkrEIA_ThracianHallstatt	Kartal	Ukraine	45.319997	28.411989	2750	900-700 BCE	432457	PASS	"['C', 'T', '<*>']"	1	C	"[0, 3, 37, 3, 37, 37]"																	"['C', 'T', '<*>']"	1	C	"[0, 3, 37, 3, 37, 37]"	"['C', 'A', 'T', '<*>']"	1	A	"[37, 3, 0, 37, 3, 37, 37, 3, 37, 37]"	"['G', 'A', '<*>']"	1	G	"[0, 3, 37, 3, 37, 37]"	"['A', 'G', '<*>']"	1	A	"[0, 3, 37, 3, 37, 37]"																	"['C', 'A', 'T', '<*>']"	3	AA	"[92, 9, 0, 92, 9, 92, 92, 9, 92, 92]"								
UKR087	UKR087	unpublished	unpublished	/SAN/ugi/MACElabSaag/UkrAD/02_MQ10bams/UKR087/WG25chr_UKR087_rmdup_MQ10.bam	UkrEIA_Scythian_LeftDnipro_LocEl	Bilsk hillfort	Ukraine	50.07225	34.559336	2575	650-600 BCE	407849	PASS	"['C', 'T', '<*>']"	1	C	"[0, 3, 37, 3, 37, 37]"	"['C', 'A', '<*>']"	2	AA	"[67, 6, 0, 67, 6, 67]"					"['T', 'C', '<*>']"	2	TT	"[0, 6, 67, 6, 67, 67]"													"['G', 'A', '<*>']"	1	G	"[0, 3, 37, 3, 37, 37]"																	"['A', 'G', '<*>']"	1	A	"[0, 3, 37, 3, 37, 37]"	"['C', 'A', 'T', '<*>']"	1	C	"[0, 3, 37, 3, 37, 37, 3, 37, 37, 37]"					"['C', 'T', 'A', '<*>']"	1	C	"[0, 3, 37, 3, 37, 37, 3, 37, 37, 37]"
UKR083	UKR083	unpublished	unpublished	/SAN/ugi/MACElabSaag/UkrAD/02_MQ10bams/UKR083/WG25chr_UKR083_rmdup_MQ10.bam	UkrEIA_Scythian_LeftDnipro_LocAgr	Bilsk hillfort	Ukraine	50.084781	34.667107	2350	500-300 BCE	102683	PASS																																																	"['A', 'G', '<*>']"	1	A	"[0, 3, 37, 3, 37, 37]"												
UKR152	UKR152	unpublished	unpublished	/SAN/ugi/MACElabSaag/UkrAD/02_MQ10bams/UKR152/WG25chr_UKR152_rmdup_MQ10.bam	UkrEIA_Antiquity_Greeks?	Oleksandrivskyi necropolis	Ukraine	46.9724	32.00901	2249	392-206 cal BCE (2253±29 BP)	654328	PASS									"['C', 'G', '<*>']"	1	C	"[0, 3, 37, 3, 37, 37]"													"['C', 'A', 'T', '<*>']"	1	A	"[37, 3, 0, 37, 3, 37, 37, 3, 37, 37]"									"['C', 'T', '<*>']"	1	C	"[0, 3, 37, 3, 37, 37]"	"['G', 'T', '<*>']"	1	G	"[0, 3, 37, 3, 37, 37]"									"['C', 'A', 'T', '<*>']"	1	A	"[37, 3, 0, 37, 3, 37, 37, 3, 37, 37]"					"['C', 'T', 'A', '<*>']"	1	C	"[0, 3, 37, 3, 37, 37, 3, 37, 37, 37]"
UKR153	UKR153	unpublished	unpublished	/SAN/ugi/MACElabSaag/UkrAD/02_MQ10bams/UKR153/WG25chr_UKR153_rmdup_MQ10.bam	UkrEIA_Antiquity_Greeks?	Oleksandrivskyi necropolis	Ukraine	46.9724	32.00901	2523.5	746-401 cal BCE (2415±30 BP)	504793	PASS					"['C', 'A', '<*>']"	1	A	"[37, 3, 0, 37, 3, 37]"																																					"['G', 'A', '<*>']"	1	A	"[25, 3, 0, 25, 3, 25]"	"['A', 'G', '<*>']"	1	A	"[0, 3, 37, 3, 37, 37]"	"['C', 'A', 'T', '<*>']"	2	AA	"[74, 6, 0, 74, 6, 74, 74, 6, 74, 74]"	"['A', 'G', '<*>']"	1	G	"[37, 3, 0, 37, 3, 37]"	"['C', 'T', 'A', '<*>']"	1	C	"[0, 3, 37, 3, 37, 37, 3, 37, 37, 37]"
UKR150	UKR150	unpublished	unpublished	/SAN/ugi/MACElabSaag/UkrAD/02_MQ10bams/UKR150/WG25chr_UKR150_rmdup_MQ10.bam	UkrFBA_Belozerska_Pre-Kimmerian	Dykyi Sad	Ukraine	46.980366	31.983663	3050	1200-1000 BCE	115424	PASS																									"['C', 'A', 'T', '<*>']"	1	C	"[0, 3, 37, 3, 37, 37, 3, 37, 37, 37]"																													"['A', 'G', '<*>']"	2	AA	"[0, 6, 74, 6, 74, 74]"				
UKR088	UKR088	unpublished	unpublished	/SAN/ugi/MACElabSaag/UkrAD/02_MQ10bams/UKR088/WG25chr_UKR088_rmdup_MQ10.bam	UkrEIA_Scythian_LeftDnipro_LocEl	Bilsk hillfort	Ukraine	50.07225	34.559336	2540.5	761-420 cal BCE (2467±28 BP)	448144	PASS																	"['C', 'A', 'T', '<*>']"	1	A	"[37, 3, 0, 37, 3, 37, 37, 3, 37, 37]"	"['C', 'T', '<*>']"	2	CC	"[0, 6, 74, 6, 74, 74]"					"['G', 'A', '<*>']"	1	A	"[37, 3, 0, 37, 3, 37]"	"['A', 'G', '<*>']"	2	GG	"[67, 6, 0, 67, 6, 67]"									"['G', 'A', '<*>']"	1	A	"[37, 3, 0, 37, 3, 37]"									"['A', 'G', '<*>']"	1	G	"[37, 3, 0, 37, 3, 37]"	"['C', 'T', 'A', '<*>']"	2	CC	"[0, 6, 67, 6, 67, 67, 6, 67, 67, 67]"
UKR089	UKR089	unpublished	unpublished	/SAN/ugi/MACElabSaag/UkrAD/02_MQ10bams/UKR089/WG25chr_UKR089_rmdup_MQ10.bam	UkrEIA_Scythian_LeftDnipro_LocEl	Bilsk hillfort	Ukraine	50.07225	34.559336	2350	500-300 BCE	456627	PASS									"['C', 'G', '<*>']"	2	GG	"[74, 6, 0, 74, 6, 74]"	"['T', 'C', '<*>']"	1	T	"[0, 3, 37, 3, 37, 37]"	"['C', 'A', 'T', '<*>']"	2	CC	"[0, 6, 67, 6, 67, 67, 6, 67, 67, 67]"	"['C', 'T', '<*>']"	2	CC	"[0, 6, 67, 6, 67, 67]"	"['C', 'A', 'T', '<*>']"	1	A	"[37, 3, 0, 37, 3, 37, 37, 3, 37, 37]"	"['G', 'A', '<*>']"	2	GG	"[0, 6, 74, 6, 74, 74]"	"['A', 'G', '<*>']"	2	AG	"[31, 0, 31, 34, 34, 65]"	"['C', 'T', '<*>']"	1	C	"[0, 3, 37, 3, 37, 37]"													"['C', 'A', 'T', '<*>']"	1	A	"[37, 3, 0, 37, 3, 37, 37, 3, 37, 37]"								
UKR035AB	UKR035AB	unpublished	unpublished	/SAN/ugi/MACElabSaag/UkrAD/02_MQ10bams/UKR035AB/WG25chr_UKR035AB_rmdup_MQ10.bam	UkrEIA_Scythian_RightDnipro_IllThr	Medvyn	Ukraine	49.40542	30.846856	2575	700-600 BCE	775350	PASS	"['C', 'T', '<*>']"	3	CC	"[0, 9, 105, 9, 105, 105]"	"['C', 'A', '<*>']"	3	AA	"[104, 9, 0, 104, 9, 104]"	"['C', 'G', '<*>']"	1	G	"[25, 3, 0, 25, 3, 25]"	"['T', 'C', '<*>']"	1	T	"[0, 3, 37, 3, 37, 37]"	"['C', 'A', 'T', '<*>']"	2	CC	"[0, 6, 74, 6, 74, 74, 6, 74, 74, 74]"	"['C', 'T', '<*>']"	6	CC	"[0, 18, 185, 18, 185, 185]"	"['C', 'A', 'T', '<*>']"	1	A	"[37, 3, 0, 37, 3, 37, 37, 3, 37, 37]"	"['G', 'A', '<*>']"	2	GG	"[0, 6, 67, 6, 67, 67]"	"['A', 'G', '<*>']"	1	G	"[37, 3, 0, 37, 3, 37]"	"['C', 'T', '<*>']"	6	CC	"[0, 18, 179, 18, 179, 179]"	"['G', 'T', '<*>']"	1	T	"[37, 3, 0, 37, 3, 37]"					"['A', 'G', '<*>']"	2	AA	"[0, 6, 74, 6, 74, 74]"	"['C', 'A', 'T', '<*>']"	2	AA	"[74, 6, 0, 74, 6, 74, 74, 6, 74, 74]"	"['A', 'G', '<*>']"	2	GG	"[67, 6, 0, 67, 6, 67]"				
UKR018	UKR018	unpublished	unpublished	/SAN/ugi/MACElabSaag/UkrAD/02_MQ10bams/UKR018/WG25chr_UKR018-I+II_rmdup_MQ10.bam	UkrMA_Nogai	Mamay-Gora	Ukraine	47.432845	34.27259	500	1400-1500 CE	296353	PASS									"['C', 'G', '<*>']"	1	C	"[0, 3, 37, 3, 37, 37]"																					"['A', 'G', '<*>']"	1	A	"[0, 3, 37, 3, 37, 37]"	"['C', 'T', '<*>']"	1	C	"[0, 3, 37, 3, 37, 37]"					"['G', 'A', '<*>']"	1	A	"[37, 3, 0, 37, 3, 37]"																
UKR013	UKR013	unpublished	unpublished	/SAN/ugi/MACElabSaag/UkrAD/02_MQ10bams/UKR013/WG25chr_UKR013_rmdup_MQ10.bam	UkrEIA_Scythian_NBlaSea_Nom	Mamay-Gora	Ukraine	47.432845	34.27259	2300	400-300 BCE	412347	PASS					"['C', 'A', '<*>']"	1	A	"[37, 3, 0, 37, 3, 37]"									"['C', 'A', 'T', '<*>']"	3	CC	"[0, 9, 104, 9, 104, 104, 9, 104, 104, 104]"					"['C', 'A', 'T', '<*>']"	1	A	"[37, 3, 0, 37, 3, 37, 37, 3, 37, 37]"	"['G', 'A', '<*>']"	1	A	"[37, 3, 0, 37, 3, 37]"																					"['C', 'A', 'T', '<*>']"	1	C	"[0, 3, 37, 3, 37, 37, 3, 37, 37, 37]"								
UKR012	UKR012	unpublished	unpublished	/SAN/ugi/MACElabSaag/UkrAD/02_MQ10bams/UKR012/WG25chr_UKR012-I+II_rmdup_MQ10.bam	UkrMA_Cuman	Mamay-Gora	Ukraine	47.432845	34.27259	1000	800-1100 CE	394147	PASS	"['C', 'T', '<*>']"	1	C	"[0, 3, 37, 3, 37, 37]"													"['C', 'A', 'T', '<*>']"	1	C	"[0, 3, 37, 3, 37, 37, 3, 37, 37, 37]"					"['C', 'A', 'T', '<*>']"	1	C	"[0, 3, 37, 3, 37, 37, 3, 37, 37, 37]"					"['A', 'G', '<*>']"	1	A	"[0, 3, 37, 3, 37, 37]"									"['G', 'A', '<*>']"	1	G	"[0, 3, 37, 3, 37, 37]"									"['A', 'G', '<*>']"	2	GG	"[74, 6, 0, 74, 6, 74]"				
UKR017	UKR017	unpublished	unpublished	/SAN/ugi/MACElabSaag/UkrAD/02_MQ10bams/UKR017/WG25chr_UKR017_rmdup_MQ10.bam	UkrMA_Nogai	Mamay-Gora	Ukraine	47.432845	34.27259	500	1400-1500 CE	650599	PASS	"['C', 'T', '<*>']"	2	CC	"[0, 6, 74, 6, 74, 74]"	"['C', 'A', '<*>']"	1	A	"[37, 3, 0, 37, 3, 37]"									"['C', 'A', 'T', '<*>']"	3	CA	"[59, 0, 28, 62, 34, 91, 62, 34, 91, 91]"					"['C', 'A', 'T', '<*>']"	1	C	"[0, 3, 37, 3, 37, 37, 3, 37, 37, 37]"	"['G', 'A', '<*>']"	4	GG	"[0, 12, 130, 12, 130, 130]"					"['C', 'T', '<*>']"	1	C	"[0, 3, 37, 3, 37, 37]"					"['G', 'A', '<*>']"	1	A	"[37, 3, 0, 37, 3, 37]"	"['A', 'G', '<*>']"	2	AG	"[31, 0, 31, 34, 34, 65]"					"['A', 'G', '<*>']"	1	A	"[0, 3, 37, 3, 37, 37]"	"['C', 'T', 'A', '<*>']"	1	C	"[0, 3, 37, 3, 37, 37, 3, 37, 37, 37]"
UKR016	UKR016	unpublished	unpublished	/SAN/ugi/MACElabSaag/UkrAD/02_MQ10bams/UKR016/WG25chr_UKR016_rmdup_MQ10.bam	UkrMA_Nogai	Mamay-Gora	Ukraine	47.432845	34.27259	500	1400-1500 CE	353955	PASS					"['C', 'A', '<*>']"	1	C	"[0, 3, 37, 3, 37, 37]"																																	"['G', 'T', '<*>']"	1	G	"[0, 3, 37, 3, 37, 37]"					"['A', 'G', '<*>']"	2	AG	"[31, 0, 31, 34, 34, 65]"												
UKR014	UKR014	unpublished	unpublished	/SAN/ugi/MACElabSaag/UkrAD/02_MQ10bams/UKR014/WG25chr_UKR014_rmdup_MQ10.bam	UkrEIA_Scythian_NBlaSea_Nom	Mamay-Gora	Ukraine	47.432845	34.27259	2300	400-300 BCE	322806	PASS					"['C', 'A', '<*>']"	1	A	"[37, 3, 0, 37, 3, 37]"													"['C', 'T', '<*>']"	1	C	"[0, 3, 37, 3, 37, 37]"	"['C', 'A', 'T', '<*>']"	1	C	"[0, 3, 37, 3, 37, 37, 3, 37, 37, 37]"					"['A', 'G', '<*>']"	1	A	"[0, 3, 37, 3, 37, 37]"	"['C', 'T', '<*>']"	2	CC	"[0, 6, 67, 6, 67, 67]"																								
UKR149	UKR149	unpublished	unpublished	/SAN/ugi/MACElabSaag/UkrAD/02_MQ10bams/UKR149/WG25chr_UKR149_rmdup_MQ10.bam	UkrFBA_Belozerska_Pre-Kimmerian	Dykyi Sad	Ukraine	46.980366	31.983663	3050	1200-1000 BCE	838364	PASS									"['C', 'G', '<*>']"	1	G	"[37, 3, 0, 37, 3, 37]"	"['T', 'C', '<*>']"	5	TT	"[0, 15, 149, 15, 149, 149]"	"['C', 'A', 'T', '<*>']"	1	A	"[37, 3, 0, 37, 3, 37, 37, 3, 37, 37]"	"['C', 'T', '<*>']"	4	CC	"[0, 12, 129, 12, 129, 129]"	"['C', 'A', 'T', '<*>']"	2	CC	"[0, 6, 67, 6, 67, 67, 6, 67, 67, 67]"	"['G', 'A', '<*>']"	2	GG	"[0, 6, 62, 6, 62, 62]"					"['C', 'T', '<*>']"	2	CC	"[0, 6, 74, 6, 74, 74]"	"['G', 'T', '<*>']"	6	GT	"[56, 0, 113, 68, 119, 175]"	"['G', 'A', '<*>']"	2	GG	"[0, 6, 74, 6, 74, 74]"	"['A', 'G', '<*>']"	2	AA	"[0, 6, 74, 6, 74, 74]"	"['C', 'A', 'T', '<*>']"	1	C	"[0, 3, 37, 3, 37, 37, 3, 37, 37, 37]"	"['A', 'G', '<*>']"	5	AG	"[116, 0, 22, 119, 34, 146]"	"['C', 'T', 'A', '<*>']"	1	C	"[0, 3, 37, 3, 37, 37, 3, 37, 37, 37]"
UKR091	UKR091	unpublished	unpublished	/SAN/ugi/MACElabSaag/UkrAD/02_MQ10bams/UKR091/WG25chr_UKR091_rmdup_MQ10.bam	UkrEIA_Scythian_LeftDnipro_LocEl	Bilsk hillfort	Ukraine	50.106902	34.584624	2400	500-400 BCE	359719	PASS	"['C', 'T', '<*>']"	1	C	"[0, 3, 37, 3, 37, 37]"													"['C', 'A', 'T', '<*>']"	1	C	"[0, 3, 37, 3, 37, 37, 3, 37, 37, 37]"	"['C', 'T', '<*>']"	3	CC	"[0, 9, 92, 9, 92, 92]"	"['C', 'A', 'T', '<*>']"	2	AA	"[67, 6, 0, 67, 6, 67, 67, 6, 67, 67]"	"['G', 'A', '<*>']"	1	G	"[0, 3, 37, 3, 37, 37]"	"['A', 'G', '<*>']"	2	AA	"[0, 6, 67, 6, 67, 67]"													"['A', 'G', '<*>']"	2	AA	"[0, 6, 67, 6, 67, 67]"	"['C', 'A', 'T', '<*>']"	1	A	"[37, 3, 0, 37, 3, 37, 37, 3, 37, 37]"								
UKR090	UKR090	unpublished	unpublished	/SAN/ugi/MACElabSaag/UkrAD/02_MQ10bams/UKR090/WG25chr_UKR090-I+II_rmdup_MQ10.bam	UkrEIA_Scythian_LeftDnipro_LocEl	Bilsk hillfort	Ukraine	50.07225	34.559336	2300	400-300 BCE	451490	PASS	"['C', 'T', '<*>']"	1	C	"[0, 3, 37, 3, 37, 37]"	"['C', 'A', '<*>']"	1	A	"[37, 3, 0, 37, 3, 37]"																									"['A', 'G', '<*>']"	1	A	"[0, 3, 37, 3, 37, 37]"					"['G', 'T', '<*>']"	1	T	"[37, 3, 0, 37, 3, 37]"	"['G', 'A', '<*>']"	3	AA	"[104, 9, 0, 104, 9, 104]"	"['A', 'G', '<*>']"	1	A	"[0, 3, 37, 3, 37, 37]"					"['A', 'G', '<*>']"	1	A	"[0, 3, 37, 3, 37, 37]"				
UKR096	UKR096	unpublished	unpublished	/SAN/ugi/MACElabSaag/UkrAD/02_MQ10bams/UKR096/WG25chr_UKR096_rmdup_MQ10.bam	UkrEIA_Scythian_LeftDnipro_LocAgr	Kolomak	Ukraine	49.864683	35.277407	2240.5	382-199 cal BCE (2220±25 BP)	759487	PASS	"['C', 'T', '<*>']"	1	C	"[0, 3, 37, 3, 37, 37]"	"['C', 'A', '<*>']"	1	A	"[37, 3, 0, 37, 3, 37]"									"['C', 'A', 'T', '<*>']"	2	CA	"[31, 0, 31, 34, 34, 65, 34, 34, 65, 65]"	"['C', 'T', '<*>']"	2	CC	"[0, 6, 67, 6, 67, 67]"	"['C', 'A', 'T', '<*>']"	1	C	"[0, 3, 37, 3, 37, 37, 3, 37, 37, 37]"					"['A', 'G', '<*>']"	1	A	"[0, 3, 37, 3, 37, 37]"	"['C', 'T', '<*>']"	3	TT	"[105, 9, 0, 105, 9, 105]"	"['G', 'T', '<*>']"	1	G	"[0, 3, 37, 3, 37, 37]"	"['G', 'A', '<*>']"	1	A	"[37, 3, 0, 37, 3, 37]"	"['A', 'G', '<*>']"	3	AA	"[0, 9, 105, 9, 105, 105]"	"['C', 'A', 'T', '<*>']"	2	AA	"[67, 6, 0, 67, 6, 67, 67, 6, 67, 67]"	"['A', 'G', '<*>']"	4	GG	"[129, 12, 0, 129, 12, 129]"	"['C', 'T', 'A', '<*>']"	1	C	"[0, 3, 37, 3, 37, 37, 3, 37, 37, 37]"
UKR095	UKR095	unpublished	unpublished	/SAN/ugi/MACElabSaag/UkrAD/02_MQ10bams/UKR095/WG25chr_UKR095_rmdup_MQ10.bam	UkrEIA_Scythian_LeftDnipro_LocAgr	Kolomak	Ukraine	49.864683	35.277407	2246.5	389-204 cal BCE (2241±27 BP)	615278	PASS					"['C', 'A', '<*>']"	1	A	"[37, 3, 0, 37, 3, 37]"									"['C', 'A', 'T', '<*>']"	1	A	"[37, 3, 0, 37, 3, 37, 37, 3, 37, 37]"	"['C', 'T', '<*>']"	2	CC	"[0, 6, 57, 6, 57, 57]"	"['C', 'A', 'T', '<*>']"	2	CC	"[0, 6, 67, 6, 67, 67, 6, 67, 67, 67]"					"['A', 'G', '<*>']"	2	AG	"[31, 0, 31, 34, 34, 65]"					"['G', 'T', '<*>']"	1	G	"[0, 3, 37, 3, 37, 37]"	"['G', 'A', '<*>']"	2	GG	"[0, 6, 67, 6, 67, 67]"	"['A', 'G', '<*>']"	1	A	"[0, 3, 37, 3, 37, 37]"												
UKR143	UKR143	unpublished	unpublished	/SAN/ugi/MACElabSaag/UkrAD/02_MQ10bams/UKR143/WG25chr_UKR143_rmdup_MQ10.bam	UkrEMA_Saltiv_Bulgars	Bochkove	Ukraine	50.314768	37.11063	1100	800-900 CE	518703	PASS	"['C', 'T', '<*>']"	2	CC	"[0, 6, 67, 6, 67, 67]"									"['T', 'C', '<*>']"	1	T	"[0, 3, 37, 3, 37, 37]"	"['C', 'A', 'T', '<*>']"	2	AA	"[67, 6, 0, 67, 6, 67, 67, 6, 67, 67]"					"['C', 'A', 'T', '<*>']"	1	C	"[0, 3, 37, 3, 37, 37, 3, 37, 37, 37]"	"['G', 'A', '<*>']"	2	AA	"[67, 6, 0, 67, 6, 67]"									"['G', 'T', '<*>']"	1	G	"[0, 3, 37, 3, 37, 37]"	"['G', 'A', '<*>']"	2	AA	"[67, 6, 0, 67, 6, 67]"	"['A', 'G', '<*>']"	1	A	"[0, 3, 37, 3, 37, 37]"					"['A', 'G', '<*>']"	1	A	"[0, 3, 37, 3, 37, 37]"				
UKR144	UKR144	unpublished	unpublished	/SAN/ugi/MACElabSaag/UkrAD/02_MQ10bams/UKR144/WG25chr_UKR144-I+II_rmdup_MQ10.bam	UkrEMA_Saltiv_Bulgars	Bochkove	Ukraine	50.314768	37.11063	1177.5	671-874 cal CE (1256±27 BP)	395123	PASS																					"['C', 'T', '<*>']"	2	CC	"[0, 6, 74, 6, 74, 74]"									"['A', 'G', '<*>']"	1	G	"[37, 3, 0, 37, 3, 37]"					"['G', 'T', '<*>']"	1	G	"[0, 3, 37, 3, 37, 37]"																				
UKR147	UKR147	unpublished	unpublished	/SAN/ugi/MACElabSaag/UkrAD/02_MQ10bams/UKR147/WG25chr_UKR147_merge_remdup_realign_MQ10.bam	UkrEMA_Saltiv_Bulgars	Bochkove	Ukraine	50.314768	37.11063	1167	683-883 cal CE (1232±27 BP)	186288	PASS	"['C', 'T', '<*>']"	1	C	"[0, 3, 36, 3, 36, 36]"													"['C', 'A', 'T', '<*>']"	1	C	"[0, 3, 36, 3, 36, 36, 3, 36, 36, 36]"									"['G', 'A', '<*>']"	1	G	"[0, 3, 36, 3, 36, 36]"	"['A', 'G', '<*>']"	2	AA	"[0, 6, 66, 6, 66, 66]"	"['C', 'T', '<*>']"	1	C	"[0, 3, 36, 3, 36, 36]"																								
UKR174	UKR174	unpublished	unpublished	/SAN/ugi/MACElabSaag/UkrAD/02_MQ10bams/UKR174/WG25chr_UKR174-I+II_rmdup_MQ10.bam	UkrEIA_?	Petrykiv	Ukraine	49.555958	25.590721	2181.5	359-104 cal BCE (2169±29 BP)	496909	PASS	"['C', 'T', '<*>']"	1	T	"[37, 3, 0, 37, 3, 37]"	"['C', 'A', '<*>']"	1	C	"[0, 3, 37, 3, 37, 37]"																	"['C', 'A', 'T', '<*>']"	1	C	"[0, 3, 37, 3, 37, 37, 3, 37, 37, 37]"																	"['G', 'A', '<*>']"	1	A	"[37, 3, 0, 37, 3, 37]"													"['C', 'T', 'A', '<*>']"	2	CC	"[0, 6, 67, 6, 67, 67, 6, 67, 67, 67]"
UKR170	UKR170	unpublished	unpublished	/SAN/ugi/MACElabSaag/UkrAD/02_MQ10bams/UKR170/WG25chr_UKR170_rmdup_MQ10.bam	UkrFBA/EIA_Vysotska_Early	Petrykiv	Ukraine	49.534488	25.579807	3000	1300-800 BCE	65866	PASS																									"['C', 'A', 'T', '<*>']"	1	C	"[0, 3, 25, 3, 25, 25, 3, 25, 25, 25]"																																				
UKR171	UKR171	unpublished	unpublished	/SAN/ugi/MACElabSaag/UkrAD/02_MQ10bams/UKR171/WG25chr_UKR171_rmdup_MQ10.bam	UkrFBA/EIA_Vysotska_Early	Petrykiv	Ukraine	49.534488	25.579807	3116.5	1278-1055 cal BCE	69661	PASS																																									"['G', 'T', '<*>']"	1	T	"[37, 3, 0, 37, 3, 37]"					"['A', 'G', '<*>']"	1	A	"[0, 3, 25, 3, 25, 25]"												
UKR068	UKR068	unpublished	unpublished	/SAN/ugi/MACElabSaag/UkrAD/02_MQ10bams/UKR068/WG25chr_UKR068_rmdup_MQ10.bam	UkrMA_GoldenHorde_Slav/Nom?	Donets hillfort	Ukraine	49.921928	36.192856	650	1200-1400 CE	653187	PASS	"['C', 'T', '<*>']"	1	C	"[0, 3, 37, 3, 37, 37]"					"['C', 'G', '<*>']"	1	G	"[37, 3, 0, 37, 3, 37]"													"['C', 'A', 'T', '<*>']"	3	CC	"[0, 9, 92, 9, 92, 92, 9, 92, 92, 92]"									"['C', 'T', '<*>']"	1	C	"[0, 3, 37, 3, 37, 37]"	"['G', 'T', '<*>']"	3	GT	"[28, 0, 65, 34, 68, 97]"	"['G', 'A', '<*>']"	1	A	"[37, 3, 0, 37, 3, 37]"									"['A', 'G', '<*>']"	1	A	"[0, 3, 37, 3, 37, 37]"				
UKR069	UKR069	unpublished	unpublished	/SAN/ugi/MACElabSaag/UkrAD/02_MQ10bams/UKR069/WG25chr_UKR069_rmdup_MQ10.bam	UkrMA_GoldenHorde_Slav/Nom?	Donets hillfort	Ukraine	49.921928	36.192856	650	1200-1400 CE	519295	PASS	"['C', 'T', '<*>']"	3	CC	"[0, 9, 92, 9, 92, 92]"					"['C', 'G', '<*>']"	1	G	"[37, 3, 0, 37, 3, 37]"	"['T', 'C', '<*>']"	1	T	"[0, 3, 37, 3, 37, 37]"					"['C', 'T', '<*>']"	1	C	"[0, 3, 37, 3, 37, 37]"													"['C', 'T', '<*>']"	2	TT	"[62, 6, 0, 62, 6, 62]"					"['G', 'A', '<*>']"	1	G	"[0, 3, 37, 3, 37, 37]"	"['A', 'G', '<*>']"	1	A	"[0, 3, 37, 3, 37, 37]"												
UKR066	UKR066	unpublished	unpublished	/SAN/ugi/MACElabSaag/UkrAD/02_MQ10bams/UKR066/WG25chr_UKR066_rmdup_MQ10.bam	UkrFBA/EIA_Kimmerian	Kumy	Ukraine	49.324996	35.370183	3007	1195-919 cal BCE (2865±39 BP)	414025	PASS	"['C', 'T', '<*>']"	1	C	"[0, 3, 37, 3, 37, 37]"																	"['C', 'T', '<*>']"	1	C	"[0, 3, 37, 3, 37, 37]"	"['C', 'A', 'T', '<*>']"	1	T	"[37, 37, 37, 3, 3, 0, 37, 37, 3, 37]"									"['C', 'T', '<*>']"	1	T	"[37, 3, 0, 37, 3, 37]"	"['G', 'T', '<*>']"	1	T	"[37, 3, 0, 37, 3, 37]"					"['A', 'G', '<*>']"	2	AA	"[0, 6, 74, 6, 74, 74]"					"['A', 'G', '<*>']"	2	AA	"[0, 6, 67, 6, 67, 67]"				
UKR063	UKR063	unpublished	unpublished	/SAN/ugi/MACElabSaag/UkrAD/02_MQ10bams/UKR063/WG25chr_UKR063_rmdup_MQ10.bam	UkrMA_GoldenHorde_Nom	Kumy	Ukraine	49.324996	35.370183	600	1300-1400 CE	311601	PASS					"['C', 'A', '<*>']"	1	A	"[37, 3, 0, 37, 3, 37]"																																									"['A', 'G', '<*>']"	1	A	"[0, 3, 37, 3, 37, 37]"	"['C', 'A', 'T', '<*>']"	1	C	"[0, 3, 37, 3, 37, 37, 3, 37, 37, 37]"								
UKR160	UKR160	unpublished	unpublished	/SAN/ugi/MACElabSaag/UkrAD/02_MQ10bams/UKR160/WG25chr_UKR160_rmdup_MQ10.bam	UkrIA_Sarmatian_SivDon	Liubivka	Ukraine	50.028484	35.069932	1800	0-300 CE	831864	PASS	"['C', 'T', '<*>']"	1	C	"[0, 3, 37, 3, 37, 37]"									"['T', 'C', '<*>']"	2	TC	"[31, 0, 31, 34, 34, 65]"	"['C', 'A', 'T', '<*>']"	2	CC	"[0, 6, 62, 6, 62, 62, 6, 62, 62, 62]"	"['C', 'T', '<*>']"	1	C	"[0, 3, 37, 3, 37, 37]"	"['C', 'A', 'T', '<*>']"	3	CA	"[28, 0, 65, 34, 68, 97, 34, 68, 97, 97]"	"['G', 'A', '<*>']"	4	GA	"[56, 0, 56, 62, 62, 117]"	"['A', 'G', '<*>']"	1	A	"[0, 3, 37, 3, 37, 37]"	"['C', 'T', '<*>']"	6	CC	"[0, 18, 173, 18, 173, 173]"					"['G', 'A', '<*>']"	4	AA	"[135, 12, 0, 135, 12, 135]"	"['A', 'G', '<*>']"	3	AA	"[0, 9, 92, 9, 92, 92]"	"['C', 'A', 'T', '<*>']"	1	C	"[0, 3, 37, 3, 37, 37, 3, 37, 37, 37]"					"['C', 'T', 'A', '<*>']"	2	CA	"[31, 34, 65, 0, 34, 31, 34, 65, 34, 65]"
UKR167	UKR167	unpublished	unpublished	/SAN/ugi/MACElabSaag/UkrAD/02_MQ10bams/UKR167/WG25chr_UKR167_rmdup_MQ10.bam	UkrFBA/EIA_Luzhitska	Rovantsi	Ukraine	50.725306	25.361439	2800	1000-700 BCE	977355	PASS	"['C', 'T', '<*>']"	3	CC	"[0, 9, 92, 9, 92, 92]"	"['C', 'A', '<*>']"	1	A	"[37, 3, 0, 37, 3, 37]"	"['C', 'G', '<*>']"	1	G	"[37, 3, 0, 37, 3, 37]"	"['T', 'C', '<*>']"	3	TT	"[0, 9, 92, 9, 92, 92]"	"['C', 'A', 'T', '<*>']"	1	C	"[0, 3, 37, 3, 37, 37, 3, 37, 37, 37]"	"['C', 'T', '<*>']"	1	T	"[37, 3, 0, 37, 3, 37]"	"['C', 'A', 'T', '<*>']"	1	C	"[0, 3, 37, 3, 37, 37, 3, 37, 37, 37]"	"['G', 'A', '<*>']"	1	G	"[0, 3, 37, 3, 37, 37]"	"['A', 'G', '<*>']"	5	GG	"[161, 15, 0, 161, 15, 161]"	"['C', 'T', '<*>']"	1	C	"[0, 3, 37, 3, 37, 37]"	"['G', 'T', '<*>']"	3	GG	"[0, 9, 105, 9, 105, 105]"	"['G', 'A', '<*>']"	1	A	"[37, 3, 0, 37, 3, 37]"	"['A', 'G', '<*>']"	2	AA	"[0, 6, 67, 6, 67, 67]"	"['C', 'A', 'T', '<*>']"	2	AA	"[74, 6, 0, 74, 6, 74, 74, 6, 74, 74]"	"['A', 'G', '<*>']"	6	GG	"[169, 18, 0, 169, 18, 169]"	"['C', 'T', 'A', '<*>']"	1	C	"[0, 3, 37, 3, 37, 37, 3, 37, 37, 37]"
UKR166	UKR166	unpublished	unpublished	/SAN/ugi/MACElabSaag/UkrAD/02_MQ10bams/UKR166/WG25chr_UKR166_rmdup_MQ10.bam	UkrMA_WhiteCroat_Slavs	Zvenigorod	Ukraine	49.73363	24.247629	750	1100-1300 CE	772243	PASS									"['C', 'G', '<*>']"	1	G	"[37, 3, 0, 37, 3, 37]"									"['C', 'T', '<*>']"	2	CC	"[0, 6, 67, 6, 67, 67]"					"['G', 'A', '<*>']"	3	GG	"[0, 9, 104, 9, 104, 104]"	"['A', 'G', '<*>']"	1	A	"[0, 3, 37, 3, 37, 37]"					"['G', 'T', '<*>']"	1	T	"[25, 3, 0, 25, 3, 25]"					"['A', 'G', '<*>']"	2	AA	"[0, 6, 67, 6, 67, 67]"	"['C', 'A', 'T', '<*>']"	3	AA	"[105, 9, 0, 105, 9, 105, 105, 9, 105, 105]"	"['A', 'G', '<*>']"	3	GG	"[92, 9, 0, 92, 9, 92]"	"['C', 'T', 'A', '<*>']"	2	CC	"[0, 6, 74, 6, 74, 74, 6, 74, 74, 74]"
UKR165	UKR165	unpublished	unpublished	/SAN/ugi/MACElabSaag/UkrAD/02_MQ10bams/UKR165/WG25chr_UKR165_rmdup_MQ10.bam	UkrMA_Cossack_Slavs	Vypovziv	Ukraine	50.945951	30.8039	250	1600-1800 CE	289699	PASS																	"['C', 'A', 'T', '<*>']"	1	A	"[37, 3, 0, 37, 3, 37, 37, 3, 37, 37]"					"['C', 'A', 'T', '<*>']"	1	C	"[0, 3, 37, 3, 37, 37, 3, 37, 37, 37]"					"['A', 'G', '<*>']"	2	GG	"[67, 6, 0, 67, 6, 67]"	"['C', 'T', '<*>']"	1	C	"[0, 3, 37, 3, 37, 37]"																					"['C', 'T', 'A', '<*>']"	1	C	"[0, 3, 37, 3, 37, 37, 3, 37, 37, 37]"
UKR164	UKR164	unpublished	unpublished	/SAN/ugi/MACElabSaag/UkrAD/02_MQ10bams/UKR164/WG25chr_UKR164_rmdup_MQ10.bam	UkrMA_Cossack_Slavs	Vypovziv	Ukraine	50.945951	30.8039	250	1600-1800 CE	438390	PASS									"['C', 'G', '<*>']"	1	G	"[37, 3, 0, 37, 3, 37]"	"['T', 'C', '<*>']"	1	T	"[0, 3, 37, 3, 37, 37]"					"['C', 'T', '<*>']"	1	C	"[0, 3, 37, 3, 37, 37]"	"['C', 'A', 'T', '<*>']"	3	CA	"[59, 0, 28, 62, 34, 91, 62, 34, 91, 91]"	"['G', 'A', '<*>']"	1	G	"[0, 3, 37, 3, 37, 37]"	"['A', 'G', '<*>']"	1	G	"[37, 3, 0, 37, 3, 37]"	"['C', 'T', '<*>']"	1	C	"[0, 3, 37, 3, 37, 37]"									"['A', 'G', '<*>']"	1	A	"[0, 3, 37, 3, 37, 37]"												
UKR169	UKR169	unpublished	unpublished	/SAN/ugi/MACElabSaag/UkrAD/02_MQ10bams/UKR169/WG25chr_UKR169_rmdup_MQ10.bam	UkrFBA/EIA_Luzhitska	Rovantsi	Ukraine	50.725306	25.361439	2800	1000-700 BCE	103035	PASS									"['C', 'G', '<*>']"	1	C	"[0, 3, 37, 3, 37, 37]"																																																				
UKR168	UKR168	unpublished	unpublished	/SAN/ugi/MACElabSaag/UkrAD/02_MQ10bams/UKR168/WG25chr_UKR168_rmdup_MQ10.bam	UkrFBA/EIA_Luzhitska	Rovantsi	Ukraine	50.725306	25.361439	2800	1000-700 BCE	685099	PASS	"['C', 'T', '<*>']"	2	CC	"[0, 6, 74, 6, 74, 74]"	"['C', 'A', '<*>']"	1	A	"[37, 3, 0, 37, 3, 37]"	"['C', 'G', '<*>']"	1	G	"[37, 3, 0, 37, 3, 37]"	"['T', 'C', '<*>']"	1	T	"[0, 3, 37, 3, 37, 37]"	"['C', 'A', 'T', '<*>']"	3	CC	"[0, 9, 104, 9, 104, 104, 9, 104, 104, 104]"	"['C', 'T', '<*>']"	2	CT	"[31, 0, 31, 34, 34, 65]"					"['G', 'A', '<*>']"	2	GG	"[0, 6, 67, 6, 67, 67]"	"['A', 'G', '<*>']"	1	A	"[0, 3, 37, 3, 37, 37]"					"['G', 'T', '<*>']"	5	TT	"[143, 15, 0, 143, 15, 143]"	"['G', 'A', '<*>']"	1	A	"[37, 3, 0, 37, 3, 37]"	"['A', 'G', '<*>']"	1	A	"[0, 3, 37, 3, 37, 37]"	"['C', 'A', 'T', '<*>']"	1	C	"[0, 3, 37, 3, 37, 37, 3, 37, 37, 37]"					"['C', 'T', 'A', '<*>']"	1	T	"[37, 3, 0, 37, 3, 37, 37, 3, 37, 37]"
UKR078	UKR078	unpublished	unpublished	/SAN/ugi/MACElabSaag/UkrAD/02_MQ10bams/UKR078/WG25chr_UKR078_rmdup_MQ10.bam	UkrEIA_Scythian_LeftDnipro_IllThr	Bilsk hillfort	Ukraine	50.093324	34.596018	2531.5	755-408 cal BCE (2445±37 BP)	670089	PASS	"['C', 'T', '<*>']"	2	CT	"[31, 0, 31, 34, 34, 65]"	"['C', 'A', '<*>']"	3	CC	"[0, 9, 105, 9, 105, 105]"	"['C', 'G', '<*>']"	1	C	"[0, 3, 37, 3, 37, 37]"	"['T', 'C', '<*>']"	3	TT	"[0, 9, 104, 9, 104, 104]"	"['C', 'A', 'T', '<*>']"	1	T	"[37, 37, 37, 3, 3, 0, 37, 37, 3, 37]"					"['C', 'A', 'T', '<*>']"	1	C	"[0, 3, 37, 3, 37, 37, 3, 37, 37, 37]"	"['G', 'A', '<*>']"	2	GG	"[0, 6, 67, 6, 67, 67]"													"['G', 'A', '<*>']"	1	A	"[37, 3, 0, 37, 3, 37]"	"['A', 'G', '<*>']"	1	A	"[0, 3, 37, 3, 37, 37]"	"['C', 'A', 'T', '<*>']"	1	A	"[37, 3, 0, 37, 3, 37, 37, 3, 37, 37]"	"['A', 'G', '<*>']"	1	A	"[0, 3, 37, 3, 37, 37]"				
UKR074	UKR074	unpublished	unpublished	/SAN/ugi/MACElabSaag/UkrAD/02_MQ10bams/UKR074/WG25chr_UKR074-I+II_rmdup_MQ10.bam	UkrMA_GoldenHorde_Nom	Ploske	Ukraine	48.940698	37.666706	650	1200-1400 CE	349636	PASS																													"['G', 'A', '<*>']"	1	G	"[0, 3, 37, 3, 37, 37]"					"['C', 'T', '<*>']"	1	C	"[0, 3, 37, 3, 37, 37]"																								
UKR070	UKR070	unpublished	unpublished	/SAN/ugi/MACElabSaag/UkrAD/02_MQ10bams/UKR070/WG25chr_UKR070_merge_remdup_realign_MQ10.bam	UkrMA_GoldenHorde_Slav/Nom?	Donets hillfort	Ukraine	49.921928	36.192856	650	1200-1400 CE	24765	PASS																																																																
UKR116	UKR116	unpublished	unpublished	/SAN/ugi/MACElabSaag/UkrAD/02_MQ10bams/UKR116/WG25chr_UKR116_rmdup_MQ10.bam	UkrEIA_Scythian_SivDon_NomEl	Karavan	Ukraine	49.925983	35.880553	2595.5	775-516 cal BCE (2491±28 BP)	550526	PASS	"['C', 'T', '<*>']"	2	CC	"[0, 6, 67, 6, 67, 67]"					"['C', 'G', '<*>']"	3	GG	"[84, 9, 0, 84, 9, 84]"	"['T', 'C', '<*>']"	1	T	"[0, 3, 37, 3, 37, 37]"					"['C', 'T', '<*>']"	2	CC	"[0, 6, 74, 6, 74, 74]"					"['G', 'A', '<*>']"	1	G	"[0, 3, 37, 3, 37, 37]"	"['A', 'G', '<*>']"	1	G	"[37, 3, 0, 37, 3, 37]"	"['C', 'T', '<*>']"	2	CC	"[0, 6, 67, 6, 67, 67]"																								
UKR049	UKR049	unpublished	unpublished	/SAN/ugi/MACElabSaag/UkrAD/02_MQ10bams/UKR049/WG25chr_UKR049_rmdup_MQ10.bam	UkrIA_Chernyakhiv	Komariv-1	Ukraine	48.535183	26.9676	1696.5	169-338 cal CE (1805±26 BP)	448013	PASS	"['C', 'T', '<*>']"	1	C	"[0, 3, 37, 3, 37, 37]"	"['C', 'A', '<*>']"	1	C	"[0, 3, 37, 3, 37, 37]"													"['C', 'T', '<*>']"	2	CT	"[31, 0, 31, 34, 34, 65]"					"['G', 'A', '<*>']"	1	G	"[0, 3, 37, 3, 37, 37]"													"['G', 'A', '<*>']"	2	AA	"[67, 6, 0, 67, 6, 67]"	"['A', 'G', '<*>']"	1	A	"[0, 3, 37, 3, 37, 37]"												
UKR114	UKR114	unpublished	unpublished	/SAN/ugi/MACElabSaag/UkrAD/02_MQ10bams/UKR114/WG25chr_UKR114_rmdup_MQ10.bam	UkrEIA_Scythian_SivDon_Nom	Nyzhnia Gyivka	Ukraine	49.914637	35.935222	2400	500-400 BCE	308405	PASS																													"['G', 'A', '<*>']"	1	G	"[0, 3, 37, 3, 37, 37]"																					"['C', 'A', 'T', '<*>']"	1	A	"[37, 3, 0, 37, 3, 37, 37, 3, 37, 37]"								
UKR113	UKR113	unpublished	unpublished	/SAN/ugi/MACElabSaag/UkrAD/02_MQ10bams/UKR113/WG25chr_UKR113_rmdup_MQ10.bam	UkrEIA_Scythian_SivDon_Nom	Mala Rogozianka	Ukraine	50.13547	35.909989	2550	650-550 BCE	622682	PASS	"['C', 'T', '<*>']"	4	CT	"[25, 0, 93, 34, 96, 124]"					"['C', 'G', '<*>']"	2	GG	"[74, 6, 0, 74, 6, 74]"	"['T', 'C', '<*>']"	1	T	"[0, 3, 37, 3, 37, 37]"					"['C', 'T', '<*>']"	1	C	"[0, 3, 37, 3, 37, 37]"					"['G', 'A', '<*>']"	1	G	"[0, 3, 37, 3, 37, 37]"	"['A', 'G', '<*>']"	1	A	"[0, 3, 37, 3, 37, 37]"									"['G', 'A', '<*>']"	2	AA	"[67, 6, 0, 67, 6, 67]"	"['A', 'G', '<*>']"	1	A	"[0, 3, 37, 3, 37, 37]"												
UKR110	UKR110	unpublished	unpublished	/SAN/ugi/MACElabSaag/UkrAD/02_MQ10bams/UKR110/WG25chr_UKR110_rmdup_MQ10.bam	UkrEIA_Scythian_SivDon_Nom	Vesele	Ukraine	50.183969	36.496846	2300	400-300 BCE	440966	PASS					"['C', 'A', '<*>']"	1	A	"[37, 3, 0, 37, 3, 37]"									"['C', 'A', 'T', '<*>']"	2	CC	"[0, 6, 74, 6, 74, 74, 6, 74, 74, 74]"	"['C', 'T', '<*>']"	1	C	"[0, 3, 37, 3, 37, 37]"					"['G', 'A', '<*>']"	2	GG	"[0, 6, 67, 6, 67, 67]"	"['A', 'G', '<*>']"	1	A	"[0, 3, 37, 3, 37, 37]"									"['G', 'A', '<*>']"	1	A	"[37, 3, 0, 37, 3, 37]"	"['A', 'G', '<*>']"	1	A	"[0, 3, 37, 3, 37, 37]"					"['A', 'G', '<*>']"	2	GG	"[67, 6, 0, 67, 6, 67]"				
UKR111	UKR111	unpublished	unpublished	/SAN/ugi/MACElabSaag/UkrAD/02_MQ10bams/UKR111/WG25chr_UKR111_rmdup_MQ10.bam	UkrEIA_Scythian_SivDon_Nom	Cheremushna	Ukraine	49.854878	35.818011	2607.5	775-540 cal BCE (2496±26 BP)	490020	PASS					"['C', 'A', '<*>']"	1	A	"[37, 3, 0, 37, 3, 37]"	"['C', 'G', '<*>']"	1	G	"[37, 3, 0, 37, 3, 37]"									"['C', 'T', '<*>']"	2	TT	"[74, 6, 0, 74, 6, 74]"					"['G', 'A', '<*>']"	3	GG	"[0, 9, 92, 9, 92, 92]"					"['C', 'T', '<*>']"	1	C	"[0, 3, 37, 3, 37, 37]"					"['G', 'A', '<*>']"	3	AA	"[104, 9, 0, 104, 9, 104]"									"['A', 'G', '<*>']"	3	GG	"[105, 9, 0, 105, 9, 105]"	"['C', 'T', 'A', '<*>']"	1	C	"[0, 3, 37, 3, 37, 37, 3, 37, 37, 37]"
UKR042	UKR042	unpublished	unpublished	/SAN/ugi/MACElabSaag/UkrAD/02_MQ10bams/UKR042/WG25chr_UKR042_rmdup_MQ10.bam	UkrEIA_Scythian_RightDnipro_IllThr	Medvyn	Ukraine	49.40542	30.846856	2609	779-539 cal BCE (2503±30 BP)	196709	PASS																																																																
UKR043	UKR043	unpublished	unpublished	/SAN/ugi/MACElabSaag/UkrAD/02_MQ10bams/UKR043/WG25chr_UKR043-I+II_rmdup_MQ10.bam	UkrEIA_Scythian_RightDnipro_IllThr	Medvyn	Ukraine	49.40542	30.846856	2600	700-600 BCE	386472	PASS	"['C', 'T', '<*>']"	1	C	"[0, 3, 37, 3, 37, 37]"													"['C', 'A', 'T', '<*>']"	1	C	"[0, 3, 37, 3, 37, 37, 3, 37, 37, 37]"																																					"['A', 'G', '<*>']"	3	AG	"[59, 0, 28, 62, 34, 91]"	"['C', 'T', 'A', '<*>']"	3	CC	"[0, 9, 105, 9, 105, 105, 9, 105, 105, 105]"
UKR044	UKR044	unpublished	unpublished	/SAN/ugi/MACElabSaag/UkrAD/02_MQ10bams/UKR044/WG25chr_UKR044_rmdup_MQ10.bam	UkrEIA_Scythian_RightDnipro_IllThr	Medvyn	Ukraine	49.40542	30.846856	2600	700-600 BCE	430379	PASS									"['C', 'G', '<*>']"	1	G	"[37, 3, 0, 37, 3, 37]"					"['C', 'A', 'T', '<*>']"	2	CA	"[31, 0, 31, 34, 34, 65, 34, 34, 65, 65]"													"['A', 'G', '<*>']"	1	G	"[37, 3, 0, 37, 3, 37]"	"['C', 'T', '<*>']"	1	C	"[0, 3, 37, 3, 37, 37]"	"['G', 'T', '<*>']"	1	T	"[37, 3, 0, 37, 3, 37]"					"['A', 'G', '<*>']"	1	A	"[0, 3, 37, 3, 37, 37]"												
UKR045	UKR045	unpublished	unpublished	/SAN/ugi/MACElabSaag/UkrAD/02_MQ10bams/UKR045/WG25chr_UKR045_rmdup_MQ10.bam	UkrIA_Chernyakhiv	Lehedzyne	Ukraine	48.803293	30.509471	1600	300-400 CE	385563	PASS	"['C', 'T', '<*>']"	1	C	"[0, 3, 25, 3, 25, 25]"													"['C', 'A', 'T', '<*>']"	1	A	"[37, 3, 0, 37, 3, 37, 37, 3, 37, 37]"	"['C', 'T', '<*>']"	1	C	"[0, 3, 37, 3, 37, 37]"	"['C', 'A', 'T', '<*>']"	2	CC	"[0, 6, 74, 6, 74, 74, 6, 74, 74, 74]"	"['G', 'A', '<*>']"	2	GG	"[0, 6, 67, 6, 67, 67]"					"['C', 'T', '<*>']"	2	CC	"[0, 6, 74, 6, 74, 74]"	"['G', 'T', '<*>']"	1	T	"[37, 3, 0, 37, 3, 37]"																				
UKR047	UKR047	unpublished	unpublished	/SAN/ugi/MACElabSaag/UkrAD/02_MQ10bams/UKR047/WG25chr_UKR047_rmdup_MQ10.bam	UkrIA_Chernyakhiv	Lehedzyne	Ukraine	48.803293	30.509471	1600	300-400 CE	168866	PASS									"['C', 'G', '<*>']"	1	G	"[37, 3, 0, 37, 3, 37]"																																									"['C', 'A', 'T', '<*>']"	2	AA	"[74, 6, 0, 74, 6, 74, 74, 6, 74, 74]"								
UKR056	UKR056	unpublished	unpublished	/SAN/ugi/MACElabSaag/UkrAD/02_MQ10bams/UKR056/WG25chr_UKR056_rmdup_MQ10.bam	UkrMA_Cuman	Kumy	Ukraine	49.324996	35.370183	880	991-1149 cal CE (1010±25 BP)	678440	PASS	"['C', 'T', '<*>']"	2	CC	"[0, 6, 74, 6, 74, 74]"	"['C', 'A', '<*>']"	1	C	"[0, 3, 37, 3, 37, 37]"	"['C', 'G', '<*>']"	2	CC	"[0, 6, 67, 6, 67, 67]"					"['C', 'A', 'T', '<*>']"	1	C	"[0, 3, 37, 3, 37, 37, 3, 37, 37, 37]"	"['C', 'T', '<*>']"	2	CC	"[0, 6, 67, 6, 67, 67]"	"['C', 'A', 'T', '<*>']"	2	CA	"[31, 0, 31, 34, 34, 65, 34, 34, 65, 65]"					"['A', 'G', '<*>']"	2	AA	"[0, 6, 74, 6, 74, 74]"	"['C', 'T', '<*>']"	1	C	"[0, 3, 37, 3, 37, 37]"	"['G', 'T', '<*>']"	1	G	"[0, 3, 37, 3, 37, 37]"	"['G', 'A', '<*>']"	2	AA	"[67, 6, 0, 67, 6, 67]"	"['A', 'G', '<*>']"	3	GG	"[104, 9, 0, 104, 9, 104]"					"['A', 'G', '<*>']"	1	A	"[0, 3, 37, 3, 37, 37]"				
UKR055	UKR055	unpublished	unpublished	/SAN/ugi/MACElabSaag/UkrAD/02_MQ10bams/UKR055/WG25chr_UKR055-I+II_rmdup_MQ10.bam	UkrBA_Srubna	Sukha Gomilsha	Ukraine	49.547122	36.362542	3669.5	1873-1566 cal BCE	40518	PASS																																																																
UKR053	UKR053	unpublished	unpublished	/SAN/ugi/MACElabSaag/UkrAD/02_MQ10bams/UKR053/WG25chr_UKR053_merge_remdup_realign_MQ10.bam	UkrEIA_LateScythian_Cri_Nom	Maslyny	Ukraine	45.40436	33.23371	2025	150-0 BCE	34546	PASS																																																																
UKR052	UKR052	unpublished	unpublished	/SAN/ugi/MACElabSaag/UkrAD/02_MQ10bams/UKR052/WG25chr_UKR052_rmdup_MQ10.bam	UkrEIA_LateScythian_Cri_Nom	Maslyny	Ukraine	45.40436	33.23371	2025	150-0 BCE	80958	PASS																																																									"['A', 'G', '<*>']"	1	G	"[37, 3, 0, 37, 3, 37]"				
UKR051	UKR051	unpublished	unpublished	/SAN/ugi/MACElabSaag/UkrAD/02_MQ10bams/UKR051/WG25chr_UKR051_rmdup_MQ10.bam	UkrEIA_LateScythian_Cri_Nom	Maslyny	Ukraine	45.40436	33.23371	2025	150-0 BCE	577512	PASS													"['T', 'C', '<*>']"	1	T	"[0, 3, 37, 3, 37, 37]"	"['C', 'A', 'T', '<*>']"	2	AA	"[67, 6, 0, 67, 6, 67, 67, 6, 67, 67]"					"['C', 'A', 'T', '<*>']"	2	AA	"[67, 6, 0, 67, 6, 67, 67, 6, 67, 67]"	"['G', 'A', '<*>']"	1	G	"[0, 3, 37, 3, 37, 37]"									"['G', 'T', '<*>']"	2	TT	"[74, 6, 0, 74, 6, 74]"					"['A', 'G', '<*>']"	1	A	"[0, 3, 37, 3, 37, 37]"					"['A', 'G', '<*>']"	2	GG	"[74, 6, 0, 74, 6, 74]"	"['C', 'T', 'A', '<*>']"	1	C	"[0, 3, 37, 3, 37, 37, 3, 37, 37, 37]"
UKR105	UKR105	unpublished	unpublished	/SAN/ugi/MACElabSaag/UkrAD/02_MQ10bams/UKR105/WG25chr_UKR105_rmdup_MQ10.bam	UkrEIA_Scythian_SivDon_Nom	Kupievakha	Ukraine	50.199019	35.300656	2625	798-552 cal BCE (2547±26 BP)	571781	PASS	"['C', 'T', '<*>']"	1	T	"[37, 3, 0, 37, 3, 37]"					"['C', 'G', '<*>']"	2	GG	"[67, 6, 0, 67, 6, 67]"									"['C', 'T', '<*>']"	2	CC	"[0, 6, 74, 6, 74, 74]"	"['C', 'A', 'T', '<*>']"	1	C	"[0, 3, 37, 3, 37, 37, 3, 37, 37, 37]"	"['G', 'A', '<*>']"	3	GG	"[0, 9, 105, 9, 105, 105]"	"['A', 'G', '<*>']"	1	G	"[37, 3, 0, 37, 3, 37]"	"['C', 'T', '<*>']"	1	C	"[0, 3, 25, 3, 25, 25]"	"['G', 'T', '<*>']"	1	G	"[0, 3, 37, 3, 37, 37]"	"['G', 'A', '<*>']"	1	A	"[37, 3, 0, 37, 3, 37]"	"['A', 'G', '<*>']"	2	AA	"[0, 6, 67, 6, 67, 67]"	"['C', 'A', 'T', '<*>']"	2	CC	"[0, 6, 67, 6, 67, 67, 6, 67, 67, 67]"					"['C', 'T', 'A', '<*>']"	1	C	"[0, 3, 25, 3, 25, 25, 3, 25, 25, 25]"
UKR104	UKR104	unpublished	unpublished	/SAN/ugi/MACElabSaag/UkrAD/02_MQ10bams/UKR104/WG25chr_UKR104-I+II_rmdup_MQ10.bam	UkrEIA_Scythian_SivDon_Nom	Grishkivka	Ukraine	49.671775	36.167723	2375	500-350 BCE	727220	PASS	"['C', 'T', '<*>']"	1	C	"[0, 3, 37, 3, 37, 37]"													"['C', 'A', 'T', '<*>']"	1	C	"[0, 3, 37, 3, 37, 37, 3, 37, 37, 37]"					"['C', 'A', 'T', '<*>']"	2	AA	"[67, 6, 0, 67, 6, 67, 67, 6, 67, 67]"	"['G', 'A', '<*>']"	3	GG	"[0, 9, 105, 9, 105, 105]"	"['A', 'G', '<*>']"	4	AA	"[0, 12, 130, 12, 130, 130]"	"['C', 'T', '<*>']"	2	CC	"[0, 6, 67, 6, 67, 67]"									"['A', 'G', '<*>']"	3	AA	"[0, 9, 105, 9, 105, 105]"					"['A', 'G', '<*>']"	1	G	"[37, 3, 0, 37, 3, 37]"	"['C', 'T', 'A', '<*>']"	2	CC	"[0, 6, 74, 6, 74, 74, 6, 74, 74, 74]"
UKR101	UKR101	unpublished	unpublished	/SAN/ugi/MACElabSaag/UkrAD/02_MQ10bams/UKR101/WG25chr_UKR101-I+II_rmdup_MQ10.bam	UkrEIA_Scythian_SivDon_Nom	Nyzhnia Gyivka	Ukraine	49.914637	35.935222	2300	400-300 BCE	395927	PASS																	"['C', 'A', 'T', '<*>']"	3	AA	"[104, 9, 0, 104, 9, 104, 104, 9, 104, 104]"	"['C', 'T', '<*>']"	2	CT	"[31, 0, 31, 34, 34, 65]"	"['C', 'A', 'T', '<*>']"	1	C	"[0, 3, 37, 3, 37, 37, 3, 37, 37, 37]"									"['C', 'T', '<*>']"	1	C	"[0, 3, 37, 3, 37, 37]"	"['G', 'T', '<*>']"	1	G	"[0, 3, 37, 3, 37, 37]"													"['A', 'G', '<*>']"	1	G	"[37, 3, 0, 37, 3, 37]"				
UKR102	UKR102	unpublished	unpublished	/SAN/ugi/MACElabSaag/UkrAD/02_MQ10bams/UKR102/WG25chr_UKR102-I+II_rmdup_MQ10.bam	UkrIA_Chernyakhiv	Zolochiv	Ukraine	50.279939	35.957792	1600	300-400 CE	652322	PASS	"['C', 'T', '<*>']"	1	C	"[0, 3, 37, 3, 37, 37]"	"['C', 'A', '<*>']"	1	A	"[37, 3, 0, 37, 3, 37]"	"['C', 'G', '<*>']"	1	G	"[37, 3, 0, 37, 3, 37]"	"['T', 'C', '<*>']"	1	T	"[0, 3, 37, 3, 37, 37]"									"['C', 'A', 'T', '<*>']"	1	C	"[0, 3, 37, 3, 37, 37, 3, 37, 37, 37]"	"['G', 'A', '<*>']"	2	GG	"[0, 6, 56, 6, 56, 56]"					"['C', 'T', '<*>']"	1	C	"[0, 3, 37, 3, 37, 37]"	"['G', 'T', '<*>']"	1	T	"[37, 3, 0, 37, 3, 37]"					"['A', 'G', '<*>']"	2	AA	"[0, 6, 67, 6, 67, 67]"					"['A', 'G', '<*>']"	1	G	"[37, 3, 0, 37, 3, 37]"				
UKR109	UKR109	unpublished	unpublished	/SAN/ugi/MACElabSaag/UkrAD/02_MQ10bams/UKR109/WG25chr_UKR109_rmdup_MQ10.bam	UkrEIA_Scythian_SivDon_Nom	Vesele	Ukraine	50.183969	36.496846	2300	400-300 BCE	515385	PASS	"['C', 'T', '<*>']"	1	C	"[0, 3, 37, 3, 37, 37]"																	"['C', 'T', '<*>']"	1	C	"[0, 3, 37, 3, 37, 37]"	"['C', 'A', 'T', '<*>']"	2	CC	"[0, 6, 74, 6, 74, 74, 6, 74, 74, 74]"					"['A', 'G', '<*>']"	1	A	"[0, 3, 37, 3, 37, 37]"									"['G', 'A', '<*>']"	1	G	"[0, 3, 37, 3, 37, 37]"	"['A', 'G', '<*>']"	1	A	"[0, 3, 37, 3, 37, 37]"									"['C', 'T', 'A', '<*>']"	2	CC	"[0, 6, 74, 6, 74, 74, 6, 74, 74, 74]"
UKR022	UKR022	unpublished	unpublished	/SAN/ugi/MACElabSaag/UkrAD/02_MQ10bams/UKR022/WG25chr_UKR022_rmdup_MQ10.bam	UkrMA_Nogai	Mamay-Gora	Ukraine	47.432845	34.27259	500	1400-1500 CE	406764	PASS																	"['C', 'A', 'T', '<*>']"	4	CC	"[0, 12, 129, 12, 129, 129, 12, 129, 129, 129]"	"['C', 'T', '<*>']"	1	C	"[0, 3, 37, 3, 37, 37]"	"['C', 'A', 'T', '<*>']"	2	CC	"[0, 6, 67, 6, 67, 67, 6, 67, 67, 67]"	"['G', 'A', '<*>']"	1	G	"[0, 3, 37, 3, 37, 37]"					"['C', 'T', '<*>']"	1	C	"[0, 3, 37, 3, 37, 37]"																								
UKR020	UKR020	unpublished	unpublished	/SAN/ugi/MACElabSaag/UkrAD/02_MQ10bams/UKR020/WG25chr_UKR020_rmdup_MQ10.bam	UkrMA_Nogai	Mamay-Gora	Ukraine	47.432845	34.27259	500	1400-1500 CE	553158	PASS	"['C', 'T', '<*>']"	1	C	"[0, 3, 37, 3, 37, 37]"																													"['A', 'G', '<*>']"	1	G	"[37, 3, 0, 37, 3, 37]"					"['G', 'T', '<*>']"	1	G	"[0, 3, 37, 3, 37, 37]"	"['G', 'A', '<*>']"	1	A	"[37, 3, 0, 37, 3, 37]"					"['C', 'A', 'T', '<*>']"	1	C	"[0, 3, 37, 3, 37, 37, 3, 37, 37, 37]"	"['A', 'G', '<*>']"	1	A	"[0, 3, 37, 3, 37, 37]"				
UKR021	UKR021	unpublished	unpublished	/SAN/ugi/MACElabSaag/UkrAD/02_MQ10bams/UKR021/WG25chr_UKR021-I+II_rmdup_MQ10.bam	UkrMA_Nogai	Mamay-Gora	Ukraine	47.432845	34.27259	500	1400-1500 CE	569604	PASS					"['C', 'A', '<*>']"	1	C	"[0, 3, 37, 3, 37, 37]"	"['C', 'G', '<*>']"	1	C	"[0, 3, 37, 3, 37, 37]"																													"['G', 'T', '<*>']"	2	TT	"[74, 6, 0, 74, 6, 74]"					"['A', 'G', '<*>']"	1	G	"[37, 3, 0, 37, 3, 37]"	"['C', 'A', 'T', '<*>']"	1	C	"[0, 3, 37, 3, 37, 37, 3, 37, 37, 37]"	"['A', 'G', '<*>']"	1	A	"[0, 3, 37, 3, 37, 37]"				
UKR027	UKR027	unpublished	unpublished	/SAN/ugi/MACElabSaag/UkrAD/02_MQ10bams/UKR027/WG25chr_UKR027_rmdup_MQ10.bam	UkrMA_Cuman	Velyka Znamianka	Ukraine	47.439358	34.335757	1000	800-1100 CE	340625	PASS									"['C', 'G', '<*>']"	1	C	"[0, 3, 37, 3, 37, 37]"	"['T', 'C', '<*>']"	2	TT	"[0, 6, 67, 6, 67, 67]"	"['C', 'A', 'T', '<*>']"	2	CC	"[0, 6, 74, 6, 74, 74, 6, 74, 74, 74]"	"['C', 'T', '<*>']"	1	C	"[0, 3, 37, 3, 37, 37]"																																	"['A', 'G', '<*>']"	1	A	"[0, 3, 37, 3, 37, 37]"				
UKR024	UKR024	unpublished	unpublished	/SAN/ugi/MACElabSaag/UkrAD/02_MQ10bams/UKR024/WG25chr_UKR024_rmdup_MQ10.bam	UkrMA_Nogai	Mamay-Gora	Ukraine	47.432845	34.27259	500	1400-1500 CE	506614	PASS	"['C', 'T', '<*>']"	1	C	"[0, 3, 37, 3, 37, 37]"	"['C', 'A', '<*>']"	1	A	"[37, 3, 0, 37, 3, 37]"																	"['C', 'A', 'T', '<*>']"	1	C	"[0, 3, 37, 3, 37, 37, 3, 37, 37, 37]"	"['G', 'A', '<*>']"	1	G	"[0, 3, 37, 3, 37, 37]"	"['A', 'G', '<*>']"	1	A	"[0, 3, 37, 3, 37, 37]"	"['C', 'T', '<*>']"	1	C	"[0, 3, 37, 3, 37, 37]"	"['G', 'T', '<*>']"	1	G	"[0, 3, 37, 3, 37, 37]"									"['C', 'A', 'T', '<*>']"	1	A	"[37, 3, 0, 37, 3, 37, 37, 3, 37, 37]"	"['A', 'G', '<*>']"	1	G	"[37, 3, 0, 37, 3, 37]"				
UKR028	UKR028	unpublished	unpublished	/SAN/ugi/MACElabSaag/UkrAD/02_MQ10bams/UKR028/WG25chr_UKR028-I+II_rmdup_MQ10.bam	UkrMA_Post-Cuman_Cuman?	Mamay-Surka	Ukraine	47.430345	34.280355	600	1300-1400 CE	404489	PASS																																	"['A', 'G', '<*>']"	1	A	"[0, 3, 37, 3, 37, 37]"													"['A', 'G', '<*>']"	1	G	"[37, 3, 0, 37, 3, 37]"	"['C', 'A', 'T', '<*>']"	1	C	"[0, 3, 37, 3, 37, 37, 3, 37, 37, 37]"	"['A', 'G', '<*>']"	1	A	"[0, 3, 37, 3, 37, 37]"				
UKR131	UKR131	unpublished	unpublished	/SAN/ugi/MACElabSaag/UkrAD/02_MQ10bams/UKR131/WG25chr_UKR131_rmdup_MQ10.bam	UkrEIA_Scythian_SivDon_NomEl	Pisochyn	Ukraine	49.945	36.0975	2350	500-300 BCE	484279	PASS	"['C', 'T', '<*>']"	1	C	"[0, 3, 37, 3, 37, 37]"																																					"['G', 'T', '<*>']"	1	T	"[37, 3, 0, 37, 3, 37]"													"['A', 'G', '<*>']"	2	AA	"[0, 6, 67, 6, 67, 67]"				
UKR132	UKR132	unpublished	unpublished	/SAN/ugi/MACElabSaag/UkrAD/02_MQ10bams/UKR132/WG25chr_UKR132_rmdup_MQ10.bam	UkrEIA_Scythian_SivDon_NomEl	Pisochyn	Ukraine	49.945	36.0975	2350	500-300 BCE	703158	PASS	"['C', 'T', '<*>']"	3	CC	"[0, 9, 84, 9, 84, 84]"									"['T', 'C', '<*>']"	1	T	"[0, 3, 37, 3, 37, 37]"	"['C', 'A', 'T', '<*>']"	3	AA	"[104, 9, 0, 104, 9, 104, 104, 9, 104, 104]"					"['C', 'A', 'T', '<*>']"	2	CC	"[0, 6, 74, 6, 74, 74, 6, 74, 74, 74]"	"['G', 'A', '<*>']"	2	GG	"[0, 6, 60, 6, 60, 60]"	"['A', 'G', '<*>']"	1	A	"[0, 3, 37, 3, 37, 37]"	"['C', 'T', '<*>']"	3	CC	"[0, 9, 105, 9, 105, 105]"					"['G', 'A', '<*>']"	1	A	"[37, 3, 0, 37, 3, 37]"	"['A', 'G', '<*>']"	2	AA	"[0, 6, 67, 6, 67, 67]"					"['A', 'G', '<*>']"	2	AG	"[31, 0, 31, 34, 34, 65]"	"['C', 'T', 'A', '<*>']"	2	CC	"[0, 6, 74, 6, 74, 74, 6, 74, 74, 74]"
UKR133	UKR133	unpublished	unpublished	/SAN/ugi/MACElabSaag/UkrAD/02_MQ10bams/UKR133/WG25chr_UKR133_rmdup_MQ10.bam	UkrEIA_Scythian_SivDon_NomEl	Pisochyn	Ukraine	49.945	36.0975	2350	500-300 BCE	732827	PASS	"['C', 'T', '<*>']"	4	CC	"[0, 12, 113, 12, 113, 113]"	"['C', 'A', '<*>']"	7	CA	"[111, 0, 84, 120, 96, 201]"					"['T', 'C', '<*>']"	1	T	"[0, 3, 37, 3, 37, 37]"					"['C', 'T', '<*>']"	1	C	"[0, 3, 37, 3, 37, 37]"	"['C', 'A', 'T', '<*>']"	1	C	"[0, 3, 37, 3, 37, 37, 3, 37, 37, 37]"	"['G', 'A', '<*>']"	1	G	"[0, 3, 37, 3, 37, 37]"	"['A', 'G', '<*>']"	1	A	"[0, 3, 37, 3, 37, 37]"	"['C', 'T', '<*>']"	2	CT	"[31, 0, 31, 34, 34, 65]"	"['G', 'T', '<*>']"	2	GG	"[0, 6, 74, 6, 74, 74]"	"['G', 'A', '<*>']"	2	AA	"[57, 6, 0, 57, 6, 57]"					"['C', 'A', 'T', '<*>']"	2	CA	"[31, 0, 31, 34, 34, 65, 34, 34, 65, 65]"	"['A', 'G', '<*>']"	1	A	"[0, 3, 37, 3, 37, 37]"	"['C', 'T', 'A', '<*>']"	1	C	"[0, 3, 37, 3, 37, 37, 3, 37, 37, 37]"
UKR134	UKR134	unpublished	unpublished	/SAN/ugi/MACElabSaag/UkrAD/02_MQ10bams/UKR134/WG25chr_UKR134_rmdup_MQ10.bam	UkrEMA_Saltiv_Alans	Verkhnii Saltiv	Ukraine	50.135123	36.799162	1100	800-900 CE	694769	PASS	"['C', 'T', '<*>']"	1	C	"[0, 3, 37, 3, 37, 37]"	"['C', 'A', '<*>']"	1	C	"[0, 3, 37, 3, 37, 37]"	"['C', 'G', '<*>']"	2	GG	"[74, 6, 0, 74, 6, 74]"													"['C', 'A', 'T', '<*>']"	1	C	"[0, 3, 37, 3, 37, 37, 3, 37, 37, 37]"	"['G', 'A', '<*>']"	1	G	"[0, 3, 37, 3, 37, 37]"									"['G', 'T', '<*>']"	1	G	"[0, 3, 37, 3, 37, 37]"	"['G', 'A', '<*>']"	3	AA	"[105, 9, 0, 105, 9, 105]"	"['A', 'G', '<*>']"	1	G	"[37, 3, 0, 37, 3, 37]"					"['A', 'G', '<*>']"	1	A	"[0, 3, 37, 3, 37, 37]"	"['C', 'T', 'A', '<*>']"	2	CC	"[0, 6, 67, 6, 67, 67, 6, 67, 67, 67]"
UKR135	UKR135	unpublished	unpublished	/SAN/ugi/MACElabSaag/UkrAD/02_MQ10bams/UKR135/WG25chr_UKR135-I+II_rmdup_MQ10.bam	UkrEMA_Saltiv_Alans	Verkhnii Saltiv	Ukraine	50.135123	36.799162	1100	800-900 CE	441076	PASS									"['C', 'G', '<*>']"	2	GG	"[67, 6, 0, 67, 6, 67]"	"['T', 'C', '<*>']"	1	T	"[0, 3, 37, 3, 37, 37]"	"['C', 'A', 'T', '<*>']"	1	C	"[0, 3, 37, 3, 37, 37, 3, 37, 37, 37]"																					"['G', 'T', '<*>']"	1	G	"[0, 3, 37, 3, 37, 37]"	"['G', 'A', '<*>']"	2	AA	"[74, 6, 0, 74, 6, 74]"					"['C', 'A', 'T', '<*>']"	3	CC	"[0, 9, 104, 9, 104, 104, 9, 104, 104, 104]"	"['A', 'G', '<*>']"	1	A	"[0, 3, 37, 3, 37, 37]"				
UKR136	UKR136	unpublished	unpublished	/SAN/ugi/MACElabSaag/UkrAD/02_MQ10bams/UKR136/WG25chr_UKR136_rmdup_MQ10.bam	UkrEMA_Saltiv_Alans	Verkhnii Saltiv	Ukraine	50.135123	36.799162	1100	800-900 CE	443398	PASS																																													"['G', 'A', '<*>']"	1	A	"[37, 3, 0, 37, 3, 37]"																
UKR137	UKR137	unpublished	unpublished	/SAN/ugi/MACElabSaag/UkrAD/02_MQ10bams/UKR137/WG25chr_UKR137_rmdup_MQ10.bam	UkrEMA_Saltiv_Alans	Verkhnii Saltiv	Ukraine	50.135123	36.799162	1100	800-900 CE	391781	PASS																																					"['C', 'T', '<*>']"	1	C	"[0, 3, 37, 3, 37, 37]"																								
UKR138	UKR138	unpublished	unpublished	/SAN/ugi/MACElabSaag/UkrAD/02_MQ10bams/UKR138/WG25chr_UKR138-I+II_rmdup_MQ10.bam	UkrEMA_Saltiv_Alans	Verkhnii Saltiv	Ukraine	50.135123	36.799162	1100	800-900 CE	384303	PASS																	"['C', 'A', 'T', '<*>']"	1	A	"[25, 3, 0, 25, 3, 25, 25, 3, 25, 25]"	"['C', 'T', '<*>']"	1	C	"[0, 3, 37, 3, 37, 37]"	"['C', 'A', 'T', '<*>']"	1	C	"[0, 3, 37, 3, 37, 37, 3, 37, 37, 37]"	"['G', 'A', '<*>']"	1	A	"[37, 3, 0, 37, 3, 37]"	"['A', 'G', '<*>']"	1	A	"[0, 3, 37, 3, 37, 37]"													"['A', 'G', '<*>']"	1	A	"[0, 3, 37, 3, 37, 37]"	"['C', 'A', 'T', '<*>']"	1	A	"[37, 3, 0, 37, 3, 37, 37, 3, 37, 37]"					"['C', 'T', 'A', '<*>']"	1	C	"[0, 3, 37, 3, 37, 37, 3, 37, 37, 37]"
UKR139	UKR139	unpublished	unpublished	/SAN/ugi/MACElabSaag/UkrAD/02_MQ10bams/UKR139/WG25chr_UKR139_rmdup_MQ10.bam	UkrEMA_Saltiv_Alans	Verkhnii Saltiv	Ukraine	50.135123	36.799162	1177.5	671-874 cal CE (1256±27 BP)	358921	PASS																																	"['A', 'G', '<*>']"	1	G	"[37, 3, 0, 37, 3, 37]"	"['C', 'T', '<*>']"	1	C	"[0, 3, 37, 3, 37, 37]"	"['G', 'T', '<*>']"	1	G	"[0, 3, 37, 3, 37, 37]"	"['G', 'A', '<*>']"	2	AA	"[74, 6, 0, 74, 6, 74]"	"['A', 'G', '<*>']"	1	A	"[0, 3, 37, 3, 37, 37]"					"['A', 'G', '<*>']"	1	G	"[37, 3, 0, 37, 3, 37]"				